id;title_r;alerts;descript;created_at;modified_at;langue
1;Computer encompassing Tugrik;Cambridgeshire Benin users;../fake-data/blob/hipster.txt;2021-03-29T05:18:34;2021-03-29T10:14:12;FRENCH
2;Dakota Islands Kentucky;sky;../fake-data/blob/hipster.txt;2021-03-28T22:32:20;2021-03-28T21:34:00;FRENCH
3;Sierra;Investment hack;../fake-data/blob/hipster.txt;2021-03-28T14:57:15;2021-03-29T05:37:06;FRENCH
4;neural Optimization Mandatory;definition Netherlands;../fake-data/blob/hipster.txt;2021-03-29T11:58:38;2021-03-29T09:53:58;FRENCH
5;overriding Towels;online Robust;../fake-data/blob/hipster.txt;2021-03-28T17:26:38;2021-03-29T11:23:27;SPANISH
6;generate Lithuanian;Associate;../fake-data/blob/hipster.txt;2021-03-29T00:21:07;2021-03-28T17:39:13;ENGLISH
7;reintermediate Handmade invoice;seize Up-sized Dakota;../fake-data/blob/hipster.txt;2021-03-29T08:41:24;2021-03-29T08:33:04;SPANISH
8;Berkshire Customizable Switzerland;Pants;../fake-data/blob/hipster.txt;2021-03-28T21:06:04;2021-03-29T00:30:49;ENGLISH
9;Public-key;Incredible;../fake-data/blob/hipster.txt;2021-03-28T15:58:33;2021-03-29T12:05:07;ENGLISH
10;invoice e-services;Senior grey Liaison;../fake-data/blob/hipster.txt;2021-03-28T21:58:23;2021-03-28T17:00:00;SPANISH
