id;title_t;description;start_time;end_time;created_at
1;withdrawal Avon rich;payment matrices payment;2021-03-29T13:14:40;2021-03-29T03:44:35;2021-03-28T13:56:35
2;deposit;bifurcated virtual;2021-03-29T10:59:43;2021-03-28T13:47:58;2021-03-29T02:31:28
3;Stream Human state;Quality proactive;2021-03-28T15:59:39;2021-03-29T13:17:07;2021-03-29T07:00:09
4;Pizza synthesizing Pa'anga;Squares optical;2021-03-29T02:41:30;2021-03-28T21:34:26;2021-03-28T17:44:26
5;Movies bypass Avon;Orchestrator integrate;2021-03-28T20:23:03;2021-03-29T02:43:09;2021-03-29T08:15:36
6;TCP ADP Executive;Engineer navigate;2021-03-29T02:26:02;2021-03-28T15:45:47;2021-03-29T09:11:28
7;Technician;Legacy THX;2021-03-29T11:48:12;2021-03-29T10:13:13;2021-03-29T08:22:15
8;Florida;mission-critical copying;2021-03-29T07:38:52;2021-03-28T23:57:01;2021-03-29T10:50:02
9;parse York;Vision-oriented;2021-03-29T04:29:41;2021-03-28T21:35:13;2021-03-29T09:37:32
10;Bike enhance;GB ToysX;2021-03-28T14:18:59;2021-03-28T20:30:48;2021-03-29T06:28:22
